<?xml version="1.0" encoding="UTF-8"?>
    <addon id="repository.Deliverance" name="Deliverance" version="1.0.0" provider-name="Deliverance">
        <requires>
            <import addon="xbmc.addon" version="12.0.0"/>
        </requires>
        <extension point="xbmc.addon.repository" name="Deliverance">
            <info compressed="false">https://raw.githubusercontent.com/paspden10/DELIVERANCE/master/_repo/addons.xml</info>
            <checksum>https://raw.githubusercontent.com/paspden10/DELIVERANCE/master/_repo/addons.xml.md5</checksum>
            <datadir zip="true">https://raw.githubusercontent.com/paspden10/DELIVERANCE/master/_repo/</datadir>
            <hashes>false</hashes>
        </extension>
        <extension point="xbmc.addon.metadata">
            <summary>communal addon repo</summary>
            <description>Deliverance Repo</description>
            <platform>all</platform>
    </extension>
</addon>