﻿<?xml version="1.0" encoding="UTF-8" standalone="yes"?>
<addon id="script.update18" name="Update 18" version="1.1.0" provider-name="anzacbuild.mooo.com">
  <requires>
	<!-- jarvis -->
    <import addon="xbmc.python" version="2.24.0"/>
    <import addon="script.module.httplib2" version="0.8.0" />
    <import addon="script.module.oauth2client" version="4.1.2" />
    <import addon="script.module.uritemplate" version="0.6" />
    <import addon="script.module.yaml" version="3.11"/>
    <import addon="script.module.googleapi" version="1.6.4" />
	<import addon="script.module.requests" version="2.9.1" />
  </requires>
  <extension point="xbmc.python.script" library="default.py"> 
     <provides>executable</provides> 
  </extension> 
  <extension point="xbmc.service" library="scheduler.py" start="startup" />
  <extension point="xbmc.addon.metadata">
    <summary lang="en">aNZac Build Updater</summary>
    <summary lang="en_NZ">aNZac Build Updater</summary>
    <summary lang="en_US">aNZac Build Updater</summary>
    <description lang="en">Update to the latest Version</description>
    <description lang="en_NZ">Update to the latest Version</description>
    <description lang="en_US">Update to the latest Version</description>
    <language></language>
    <platform>all</platform>
    <license>The MIT License</license>
    <forum>Not Supported</forum>
    <source>http://anzacbuild.mooo.com</source>
  </extension>
</addon>
