<?xml version="1.0" encoding="UTF-8" standalone="yes"?>

	<addon id="repository.anzacbuild" name="[B][COLOR white]a[/COLOR][COLOR green]NZ[/COLOR][COLOR white]ac Build[/COLOR][/B] Repository" version="3.9" provider-name="aNZac Build">
		<extension point="xbmc.addon.repository" name="aNZac Build Repository">
			<info compressed="false">https://raw.githubusercontent.com/anzacbuild/aNZacBuild/master/repository/addons.xml</info>
			<checksum>https://raw.githubusercontent.com/anzacbuild/aNZacBuild/master/repository/addons.xml.md5</checksum>
			<datadir zip="true">https://raw.githubusercontent.com/anzacbuild/aNZacBuild/master/repository/</datadir>
			<hashes>false</hashes>
		</extension>
		<extension point="xbmc.addon.metadata">
			<platform>all</platform>
			<summary>[B][COLOR white]a[/COLOR][COLOR green]NZ[/COLOR][COLOR white]ac Build[/COLOR][/B] Repository</summary>
			<description lang="en">[B][COLOR white]a[/COLOR][COLOR green]NZ[/COLOR][COLOR white]ac Build[/COLOR][/B] Repository</description>
			<license>None</license>
			<language></language>
			<website>https://anzacbuild.github.io</website>
			<news></news>
		</extension>
	</addon>
