<?xml version="1.0" encoding="UTF-8" standalone="yes"?>
<addon id="plugin.program.anzacwizard" name="aNZac Wizard" version="1.0" provider-name="aNZac Build">
  <requires>
    <import addon="xbmc.python" version="2.1.0"/>
  </requires>
  <extension point="xbmc.python.pluginsource" library="default.py">
        <provides>program executable</provides>
  </extension>
  <extension point="xbmc.addon.metadata">
		<summary lang="en">aNZac Build Wizard</summary>
		<description lang="en">Easy Install of aNZac Builds and Addons</description>
		<disclaimer lang="en">We are not responsible for the content streamed to your device and neither do we condone piracy so you must 
satisfy yourself that either you or the sites accessed for streaming have the copyright agreements in place and are entitled to access this content.
We do not host or upload any video, films, media file, live streams (avi, mov, flv, mpg, mpeg, divx, dvd rip, mp3, mp4, torrent, ipod, psp). 
We are not responsible for the accuracy, compliance, copyright, legality, decency, or any other aspect of the content of streamed from your device. 
If you have any legal issues please contact the appropriate media file owners or host sites.
We have no control over the links on any site that we provide a link to. If you see any form of infringements, please contact appropriate media file owners or host sites.</disclaimer>
		<platform>all</platform>
		<facebook>https://www.facebook.com/groups/323077098517301/</facebook>
		<website>https://anzacbuild.github.io</website>
	</extension>
</addon>
