<?xml version="1.0" encoding="utf-8"?><shortcuts>
	<shortcut>
		<defaultID>aNZac</defaultID>
		<label>[B]a[COLOR darkgreen]NZ[/COLOR]ac 8.5[/B]</label>
		<label2>Weather and Favourites</label2>
		<icon>DefaultIconFavourite.png</icon>
		<thumb>DefaultIconFavourite.png</thumb>
		<action>ActivateWindow(favourites)</action>
	</shortcut>
	<shortcut>
		<defaultID>LiveTV</defaultID>
		<label>[B]Live TV[/B]</label>
		<label2>PVR and Live TV Addons</label2>
		<icon>DefaultAddonPVRClient.png</icon>
		<thumb>DefaultAddonPVRClient.png</thumb>
		<action>ActivateWindow(TVGuide)</action>
	</shortcut>
	<shortcut>
		<defaultID>OnDemand</defaultID>
		<label>[B]On Demand[/B]</label>
		<label2>On Demand Addons</label2>
		<icon>special://skin/extras/icons/harddisk.png</icon>
		<thumb>special://skin/extras/icons/harddisk.png</thumb>
		<action>ActivateWindow(Videos,"plugin://plugin.video.scrubsv2",return)</action>
	</shortcut>
	<shortcut>
		<defaultID>RadioMusic</defaultID>
		<label>[B]Radio N Music[/B]</label>
		<label2>Radio and Music</label2>
		<icon>DefaultMusicAlbums.png</icon>
		<thumb>DefaultMusicAlbums.png</thumb>
		<action>ActivateWindow(Videos,"plugin://plugin.audio.mp3streams",return)</action>
	</shortcut>

	<shortcut>
		<defaultID>Subscriptions</defaultID>
		<label>[B]Subscriptions[/B]</label>
		<label2>Paid Subscriptions</label2>
		<icon>DefaultMusicVideos.png</icon>
		<thumb>DefaultMusicVideos.png</thumb>
		<action>ActivateWindow(Videos,"plugin://plugin.video.skygo.nz",return)</action>
	</shortcut>

	<shortcut>
		<defaultID>Settings</defaultID>
		<label>[B]Settings[/B]</label>
		<label2>Settings Options</label2>
		<icon>DefaultIconSettings.png</icon>
		<thumb>DefaultIconSettings.png</thumb>
		<action>ActivateWindow(Settings)</action>
	</shortcut>
</shortcuts>