<?xml version="1.0" encoding="UTF-8" standalone="yes"?>
<addon id="repository.anzacbuild" name="aNZac Build Repository" version="1.0.0" provider-name="anzacbuild.mooo.com">
	<extension point="xbmc.addon.repository" name="aNZac Build Repository">
		<info compressed="false">ftp://repo.anzacbuild.mooo.com/repository/addons.xml</info>
		<checksum>ftp://repo.anzacbuild.mooo.com/repository/addons.xml.md5</checksum>
		<datadir zip="true">ftp://repo.anzacbuild.mooo.com/repository/</datadir>
		<hashes>false</hashes>
	</extension>
	<extension point="xbmc.addon.metadata">
		<platform>all</platform>
		<summary>aNZacBuild Local Repository</summary>
		<description lang="en">aNZacBuild Local Repository</description>
		<license>None</license>
		<language></language>
		<website>http://anzacbuild.mooo.com</website>
		<news>
1.0.0 (01/12/2017)
aNZac Build Repository Created
		</news>
	</extension>
</addon>
