<?xml version="1.0" encoding="UTF-8" standalone="yes"?>
<addon id="repository.slyguy" name="SlyGuy Repository" provider-name="SlyGuy" version="0.0.1">
  <extension point="xbmc.addon.repository" name="SlyGuy Repository">
    <dir>
      <info compressed="false">https://k.slyguy.xyz/.repo/addons.xml</info>
      <checksum>https://k.slyguy.xyz/.repo/addons.xml.md5</checksum>
      <datadir zip="true">https://k.slyguy.xyz/.repo/</datadir>
    </dir>
  </extension>
  <extension point="xbmc.addon.metadata">
    <platform>all</platform>
    <description lang="en">Addons by SlyGuy</description>
    <license></license>
    <language></language>
    <website></website>
    <news></news>
  </extension>
</addon>