<?xml version="1.0" encoding="UTF-8" standalone="yes"?>
<addon id="plugin.video.rt" name="Russia Today News" version="3.0.8" provider-name="t1m|boeboe">
	<requires>
		<import addon="xbmc.python" version="2.20.0" />
		<import addon="plugin.video.youtube" version="6.5.2" optional="true" />
	</requires>
	<extension point="xbmc.python.pluginsource" library="default.py">
		<provides>video</provides>
	</extension>
	<extension point="xbmc.addon.metadata">
		<summary lang="en">Russia Today News</summary>
		<description lang="en">Russia Today News Kodi Plugin. RT presents round-the-clock news bulletins, documentaries, talk shows, and debates, as well as sports news and cultural programs on Russia aimed at the overseas news market. In 2011 it was the second most-watched foreign news channel in the U.S. after BBC World News, and the number one foreign station in five major U.S. urban areas in 2012</description>
		<disclaimer lang="en">Feel free to use this script. For information visit the wiki.</disclaimer>
		<platform>all</platform>
		<language>en</language>
		<license>GNU GENERAL PUBLIC LICENSE. Version 2, June 1991</license>
		<forum>http://forum.kodi.tv/showthread.php?tid=173448</forum>
		<website>http:www.rt.com</website>
		<source>https://github.com/boeboe/plugin.video.rt</source>
		<news>[B]CGTN ChangeLog v3.0.8 - Changelog - 2019-12-04[/B]
3.0.8 added first aired date, remove external dep to lib removed from github anymore
3.0.7 added screenshots and pipe to add multiple devs as recommended
3.0.6 regex updates, upstep and adjust youtube call, adjust arab live url, add banner, adjust fanart (boeboe)
3.0.5 minor website change (t1m)
3.0.4 added YT playback (t1m)
3.0.3 added French feed (t1m)
3.0.2 added Spanish and Arab live feeds that I forgot (t1m)
3.0.1 clean up and fix live feeds (t1m)
2.0.2 website chnages (t1m)
2.0.1 Isengard version - fixed live streams (Isengard)
		</news>
    <assets>
        <icon>resources/icon.png</icon>
        <fanart>resources/fanart.jpg</fanart>
        <banner>resources/banner.png</banner>
        <screenshot>resources/screenshots/screenshot-1.png</screenshot>
        <screenshot>resources/screenshots/screenshot-2.png</screenshot>
        <screenshot>resources/screenshots/screenshot-3.png</screenshot>
        <screenshot>resources/screenshots/screenshot-4.png</screenshot>
        <screenshot>resources/screenshots/screenshot-5.png</screenshot>
    </assets>    
	</extension>
</addon>
