<?xml version="1.0" encoding="UTF-8" standalone="yes"?>

	<addon id="repository.resolveurl" name="ResolveURL Repository" provider-name="gujal" version="1.0.0">
	  <extension point="xbmc.addon.repository" name="ResolveURL Repository">
		<dir>
		  <info compressed="false">https://raw.githubusercontent.com/Gujal00/smrzips/master/addons.xml</info>
		  <checksum>https://raw.githubusercontent.com/Gujal00/smrzips/master/addons.xml.md5</checksum>
		  <datadir zip="true">https://raw.githubusercontent.com/Gujal00/smrzips/master/zips/</datadir>
		</dir>
	  </extension>
	  <extension point="xbmc.addon.metadata">
		<platform>all</platform>
		<description lang="en_GB">ResolveURL and Link Tester</description>
		<license></license>
		<language></language>
		<website></website>
		<news></news>
		<assets>
		  <icon>icon.png</icon>
		  <fanart>fanart.jpg</fanart>
		</assets> 
	  </extension>
	</addon>