<?xml version="1.0" encoding="UTF-8" standalone="yes"?>

	<addon id="repository.openscrapers" name="OpenScrapers Repository" version="1.0" provider-name="A4K">
		<extension point="xbmc.addon.repository" name="OpenScrapers Repository">
			<dir>
				<info compressed="false">https://raw.githubusercontent.com/a4k-openproject/repository.openscrapers/master/zips/addons.xml</info>
				<checksum>https://raw.githubusercontent.com/a4k-openproject/repository.openscrapers/master/zips/addons.xml.md5</checksum>
				<datadir zip="true">https://raw.githubusercontent.com/a4k-openproject/repository.openscrapers/master/zips/</datadir>
			</dir>
		</extension>
		<extension point="xbmc.addon.metadata">
			<summary>OpenScrapers Repository</summary>
			<description>The official repo for OpenScrapers!.</description>
			<disclaimer></disclaimer>
			<platform>all</platform>
		</extension>
	</addon>