<?xml version='1.0' encoding='UTF-8'?><shortcuts>

	<shortcut>
		<defaultID>plugin.video.cnn</defaultID>
		<label>CNN</label>
		<label2>Video Add-On</label2>
		<icon>special://home/addons/plugin.video.cnn/resources/images/icon.png</icon>
		<thumb>special://home/addons/plugin.video.cnn/resources/images/icon.png</thumb>
		<action>ActivateWindow(Videos,"plugin://plugin.video.cnn",return)</action>
	</shortcut>

	<shortcut>
		<defaultID>plugin.video.comedycentral</defaultID>
		<label>Comedy Central</label>
		<label2>Video Add-On</label2>
		<icon>special://home/addons/plugin.video.comedycentral/resources/images/icon.png</icon>
		<thumb>special://home/addons/plugin.video.comedycentral/resources/images/icon.png</thumb>
		<action>ActivateWindow(Videos,"plugin://plugin.video.comedycentral",return)</action>
	</shortcut>

	<shortcut>
		<defaultID>plugin.video.cook</defaultID>
		<label>Cooking Channel</label>
		<label2>Video Add-On</label2>
		<icon>special://home/addons/plugin.video.cook/icon.png</icon>
		<thumb>special://home/addons/plugin.video.cook/icon.png</thumb>
		<action>ActivateWindow(Videos,"plugin://plugin.video.cook",return)</action>
	</shortcut>

	<shortcut>
		<defaultID>plugin.video.crackle</defaultID>
		<label>Crackle</label>
		<label2>Video Add-On</label2>
		<icon>special://home/addons/plugin.video.crackle/icon.png</icon>
		<thumb>special://home/addons/plugin.video.crackle/icon.png</thumb>
		<action>ActivateWindow(Videos,"plugin://plugin.video.crackle",return)</action>
	</shortcut>

	<shortcut>
		<defaultID>plugin.video.exodus</defaultID>
		<label>[COLOR red]Exodus[/COLOR]</label>
		<label2>Video Add-On</label2>
		<icon>special://home/addons/plugin.video.exodus/icon.png</icon>
		<thumb>special://home/addons/plugin.video.exodus/icon.png</thumb>
		<action>ActivateWindow(Videos,"plugin://plugin.video.exodus",return)</action>
	</shortcut>

	<shortcut>
		<defaultID>plugin.video.fen</defaultID>
		<label>[COLOR red]Fen[/COLOR]</label>
		<label2>Video Add-On</label2>
		<icon>special://home/addons/plugin.video.fen/icon.png</icon>
		<thumb>special://home/addons/plugin.video.fen/icon.png</thumb>
		<action>ActivateWindow(Videos,"plugin://plugin.video.fen",return)</action>
	</shortcut>

	<shortcut>
		<defaultID>plugin.video.filmrisetv</defaultID>
		<label>FilmRise</label>
		<label2>Video Add-On</label2>
		<icon>special://home/addons/plugin.video.filmrisetv/icon.png</icon>
		<thumb>special://home/addons/plugin.video.filmrisetv/icon.png</thumb>
		<action>ActivateWindow(Videos,"plugin://plugin.video.filmrisetv",return)</action>
	</shortcut>

	<shortcut>
		<defaultID>plugin.video.scrubsv2</defaultID>
		<label>[COLOR red]Scrubs v2[/COLOR]</label>
		<label2>Video Add-On</label2>
		<icon>special://home/addons/plugin.video.scrubsv2/icon.png</icon>
		<thumb>special://home/addons/plugin.video.scrubsv2/icon.png</thumb>
		<action>ActivateWindow(Videos,"plugin://plugin.video.scrubsv2",return)</action>
	</shortcut>

	<shortcut>
		<defaultID>plugin.video.watchnixtoons2</defaultID>
		<label>[COLOR red]WatchNixtoons2[/COLOR]</label>
		<label2>Video Add-On</label2>
		<icon>special://home/addons/plugin.video.watchnixtoons2/icon.png</icon>
		<thumb>special://home/addons/plugin.video.watchnixtoons2/icon.png</thumb>
		<action>ActivateWindow(Videos,"plugin://plugin.video.watchnixtoons2",return)</action>
	</shortcut>

	<shortcut>
		<defaultID>plugin.video.youtube</defaultID>
		<label>YouTube</label>
		<label2>Video Add-On</label2>
		<icon>special://home/addons/plugin.video.youtube/icon.png</icon>
		<thumb>special://home/addons/plugin.video.youtube/icon.png</thumb>
		<action>ActivateWindow(Videos,"plugin://plugin.video.youtube",return)</action>
	</shortcut>

	<shortcut>
		<defaultID>plugin.video.catchuptv.au.nine</defaultID>
		<label>[B]AU [/B] 9Now</label>
		<label2>Video Add-On</label2>
		<icon>special://home/addons/plugin.video.catchuptv.au.nine/icon.png</icon>
		<thumb>special://home/addons/plugin.video.catchuptv.au.nine/icon.png</thumb>
		<action>ActivateWindow(Videos,"plugin://plugin.video.catchuptv.au.nine",return)</action>
	</shortcut>

	<shortcut>
		<defaultID>plugin.video.abc_iview</defaultID>
		<label>[B]AU [/B] ABC iView</label>
		<label2>Video Add-On</label2>
		<icon>special://home/addons/plugin.video.abc_iview/icon.png</icon>
		<thumb>special://home/addons/plugin.video.abc_iview/icon.png</thumb>
		<action>ActivateWindow(Videos,"plugin://plugin.video.abc_iview",return)</action>
	</shortcut>

	<shortcut>
		<defaultID>plugin.video.cricketaustralia</defaultID>
		<label>[B]AU [/B] Cricket Live</label>
		<label2>Video Add-On</label2>
		<icon>special://home/addons/plugin.video.cricketaustralia/icon.png</icon>
		<thumb>special://home/addons/plugin.video.cricketaustralia/icon.png</thumb>
		<action>ActivateWindow(Videos,"plugin://plugin.video.cricketaustralia",return)</action>
	</shortcut>

	<shortcut>
		<defaultID>plugin.video.sbs</defaultID>
		<label>[B]AU [/B] SBS On Demand</label>
		<label2>Video Add-On</label2>
		<icon>special://home/addons/plugin.video.sbs/icon.png</icon>
		<thumb>special://home/addons/plugin.video.sbs/icon.png</thumb>
		<action>ActivateWindow(Videos,"plugin://plugin.video.sbs",return)</action>
	</shortcut>

	<shortcut>
		<defaultID>plugin.video.heihei</defaultID>
		<label>[B]NZ [/B] HEIHEI</label>
		<label2>Video Add-On</label2>
		<icon>special://home/addons/plugin.video.heihei/icon.png</icon>
		<thumb>special://home/addons/plugin.video.heihei/icon.png</thumb>
		<action>ActivateWindow(Videos,"plugin://plugin.video.heihei",return)</action>
	</shortcut>

	<shortcut>
		<defaultID>plugin.video.play.stuff</defaultID>
		<label>[B]NZ [/B] Play Stuff</label>
		<label2>Video Add-On</label2>
		<icon>special://home/addons/plugin.video.play.stuff/icon.png</icon>
		<thumb>special://home/addons/plugin.video.play.stuff/icon.png</thumb>
		<action>ActivateWindow(Videos,"plugin://plugin.video.play.stuff",return)</action>
	</shortcut>

	<shortcut>
		<defaultID>plugin.video.three.now</defaultID>
		<label>[B]NZ [/B] ThreeNow</label>
		<label2>Video Add-On</label2>
		<icon>special://home/addons/plugin.video.three.now/icon.png</icon>
		<thumb>special://home/addons/plugin.video.three.now/icon.png</thumb>
		<action>ActivateWindow(Videos,"plugin://plugin.video.three.now",return)</action>
	</shortcut>

	<shortcut>
		<defaultID>plugin.video.tvnz.ondemand</defaultID>
		<label>[B]NZ [/B] TVNZ OnDemand</label>
		<label2>Video Add-On</label2>
		<icon>special://home/addons/plugin.video.tvnz.ondemand/icon.png</icon>
		<thumb>special://home/addons/plugin.video.tvnz.ondemand/icon.png</thumb>
		<action>ActivateWindow(Videos,"plugin://plugin.video.tvnz.ondemand",return)</action>
	</shortcut>

</shortcuts>