<?xml version='1.0' encoding='UTF-8'?><shortcuts>

	<shortcut>
		<defaultID>plugin.video.beinsports.apac</defaultID>
		<label>beIN Sports Connect</label>
		<label2>Video Add-On</label2>
		<icon>special://home/addons/plugin.video.beinsports.apac/icon.png</icon>
		<thumb>special://home/addons/plugin.video.beinsports.apac/icon.png</thumb>
		<action>ActivateWindow(Videos,"plugin://plugin.video.beinsports.apac",return)</action>
	</shortcut>

	<shortcut>
		<defaultID>plugin.video.curiositystream</defaultID>
		<label>CuriosityStream</label>
		<label2>Video Add-On</label2>
		<icon>special://home/addons/plugin.video.curiositystream/icon.png</icon>
		<thumb>special://home/addons/plugin.video.curiositystream/icon.png</thumb>
		<action>ActivateWindow(Videos,"plugin://plugin.video.curiositystream",return)</action>
	</shortcut>

	<shortcut>
		<defaultID>plugin.video.dstv.now</defaultID>
		<label>DStv Now</label>
		<label2>Video Add-On</label2>
		<icon>DefaultShortcut.png</icon>
		<thumb>special://home/addons/plugin.video.dstv.now/icon.png</thumb>
		<action>ActivateWindow(Videos,"plugin://plugin.video.dstv.now",return)</action>
	</shortcut>

	<shortcut>
		<defaultID>plugin.video.jellytelly</defaultID>
		<label>Minno Kids</label>
		<label2>Video Add-On</label2>
		<icon>special://home/addons/plugin.video.jellytelly/icon.png</icon>
		<thumb>special://home/addons/plugin.video.jellytelly/icon.png</thumb>
		<action>ActivateWindow(Videos,"plugin://plugin.video.jellytelly",return)</action>
	</shortcut>

	<shortcut>
		<defaultID>plugin.video.netflix</defaultID>
		<label>Netflix</label>
		<label2>Video Add-On</label2>
		<icon>special://home/addons/plugin.video.netflix/resources/media/icon.png</icon>
		<thumb>special://home/addons/plugin.video.netflix/resources/media/icon.png</thumb>
		<action>ActivateWindow(Videos,"plugin://plugin.video.netflix",return)</action>
	</shortcut>

	<shortcut>
		<defaultID>plugin.video.seren</defaultID>
		<label>[COLOR red]Seren (Real Debrid)[/COLOR]</label>
		<label2>Video Add-On</label2>
		<icon>special://home/addons/plugin.video.seren/ico-fox-gold-final.png</icon>
		<thumb>special://home/addons/plugin.video.seren/ico-fox-gold-final.png</thumb>
		<action>ActivateWindow(Videos,"plugin://plugin.video.seren",return)</action>
	</shortcut>	

	<shortcut>
		<defaultID>plugin.video.showmax</defaultID>
		<label>Showmax</label>
		<label2>Video Add-On</label2>
		<icon>special://home/addons/plugin.video.showmax/icon.png</icon>
		<thumb>special://home/addons/plugin.video.showmax/icon.png</thumb>
		<action>ActivateWindow(Videos,"plugin://plugin.video.showmax",return)</action>
	</shortcut>

	<shortcut>
		<defaultID>plugin.video.udemy</defaultID>
		<label>Udemy</label>
		<label2>Video Add-On</label2>
		<icon>special://home/addons/plugin.video.udemy/icon.png</icon>
		<thumb>special://home/addons/plugin.video.udemy/icon.png</thumb>
		<action>ActivateWindow(Videos,"plugin://plugin.video.udemy",return)</action>
	</shortcut>

	<shortcut>
		<defaultID>plugin.video.afl-video</defaultID>
		<label>[B]AU [/B] AFL Video</label>
		<label2>Video Add-On</label2>
		<icon>special://home/addons/addons%5cplugin.video.afl-video/icon.png/</icon>
		<thumb>special://home/addons/addons%5cplugin.video.afl-video/icon.png/</thumb>
		<action>ActivateWindow(Videos,"plugin://plugin.video.afl-video",return)</action>
	</shortcut>

	<shortcut>
		<defaultID>plugin.video.foxtel.go</defaultID>
		<label>[B]AU [/B] Foxtel Go</label>
		<label2>Video Add-On</label2>
		<icon>special://home/addons/plugin.video.foxtel.go/icon.png</icon>
		<thumb>special://home/addons/plugin.video.foxtel.go/icon.png</thumb>
		<action>ActivateWindow(Videos,"plugin://plugin.video.foxtel.go",return)</action>
	</shortcut>	

	<shortcut>
		<defaultID>plugin.video.foxtel.now</defaultID>
		<label>[B]AU [/B] Foxtel Now</label>
		<label2>Video Add-On</label2>
		<icon>special://home/addons/plugin.video.foxtel.now/icon.png</icon>
		<thumb>special://home/addons/plugin.video.foxtel.now/icon.png</thumb>
		<action>ActivateWindow(Videos,"plugin://plugin.video.foxtel.now",return)</action>
	</shortcut>

	<shortcut>
		<defaultID>plugin.video.kayo.sports</defaultID>
		<label>[B]AU [/B] Kayo Sports</label>
		<label2>Video Add-On</label2>
		<icon>special://home/addons/plugin.video.kayo.sports/icon.png</icon>
		<thumb>special://home/addons/plugin.video.kayo.sports/icon.png</thumb>
		<action>ActivateWindow(Videos,"plugin://plugin.video.kayo.sports",return)</action>
	</shortcut>

	<shortcut>
		<defaultID>plugin.video.netball-live</defaultID>
		<label>[B]AU [/B] Netball Live</label>
		<label2>Video Add-On</label2>
		<icon>special://home/addons/plugin.video.netball-live/icon.png</icon>
		<thumb>special://home/addons/plugin.video.netball-live/icon.png</thumb>
		<action>ActivateWindow(Videos,"plugin://plugin.video.netball-live",return)</action>
	</shortcut>

	<shortcut>
		<defaultID>plugin.video.nrl-live</defaultID>
		<label>[B]AU [/B] NRL Live</label>
		<label2>Video Add-On</label2>
		<icon>special://home/addons/plugin.video.nrl-live/icon.png</icon>
		<thumb>special://home/addons/plugin.video.nrl-live/icon.png</thumb>
		<action>ActivateWindow(Videos,"plugin://plugin.video.nrl-live",return)</action>
	</shortcut>

	<shortcut>
		<defaultID>plugin.video.optus.sport</defaultID>
		<label>[B]AU [/B] Optus Sport</label>
		<label2>Video Add-On</label2>
		<icon>special://home/addons/plugin.video.optus.sport/icon.png</icon>
		<thumb>special://home/addons/plugin.video.optus.sport/icon.png</thumb>
		<action>ActivateWindow(Videos,"plugin://plugin.video.optus.sport",return)</action>
	</shortcut>

	<shortcut>
		<defaultID>plugin.video.soccer-live</defaultID>
		<label>[B]AU [/B] Soccer Live</label>
		<label2>Video Add-On</label2>
		<icon>special://home/addons/plugin.video.soccer-live/icon.png</icon>
		<thumb>special://home/addons/plugin.video.soccer-live/icon.png</thumb>
		<action>ActivateWindow(Videos,"plugin://plugin.video.soccer-live",return)</action>
	</shortcut>

	<shortcut>
		<defaultID>plugin.video.stan.au</defaultID>
		<label>[B]AU [/B] Stan</label>
		<label2>Video Add-On</label2>
		<icon>special://home/addons/plugin.video.stan.au/icon.png</icon>
		<thumb>special://home/addons/plugin.video.stan.au/icon.png</thumb>
		<action>ActivateWindow(Videos,"plugin://plugin.video.stan.au",return)</action>
	</shortcut>
	
	<shortcut>
		<defaultID>plugin.video.superview</defaultID>
		<label>[B]AU [/B] SuperView</label>
		<label2>Video Add-On</label2>
		<icon>special://home/addons/plugin.video.superview/icon.png</icon>
		<thumb>special://home/addons/plugin.video.superview/icon.png</thumb>
		<action>ActivateWindow(Videos,"plugin://plugin.video.superview",return)</action>
	</shortcut>

	<shortcut>
		<defaultID>plugin.video.rugbypass</defaultID>
		<label>[B]HK [/B]RugbyPass</label>
		<label2>Video Add-On</label2>
		<icon>special://home/addons/plugin.video.rugbypass/icon.png</icon>
		<thumb>special://home/addons/plugin.video.rugbypass/icon.png</thumb>
		<action>ActivateWindow(Videos,"plugin://plugin.video.rugbypass",return)</action>
	</shortcut>

	<shortcut>
		<defaultID>plugin.video.nz.films</defaultID>
		<label>[B]NZ [/B] Films</label>
		<label2>Video Add-On</label2>
		<icon>special://home/addons/plugin.video.nz.films/icon.png</icon>
		<thumb>special://home/addons/plugin.video.nz.films/icon.png</thumb>
		<action>ActivateWindow(Videos,"plugin://plugin.video.nz.films",return)</action>
	</shortcut>

	<shortcut>
		<defaultID>plugin.video.lightbox</defaultID>
		<label>[B]NZ [/B] Lightbox</label>
		<label2>Video Add-On</label2>
		<icon>special://home/addons/plugin.video.lightbox/icon.png</icon>
		<thumb>special://home/addons/plugin.video.lightbox/icon.png</thumb>
		<action>ActivateWindow(Videos,"plugin://plugin.video.lightbox",return)</action>
	</shortcut>

	<shortcut>
		<defaultID>plugin.video.tab.nz</defaultID>
		<label>[B]NZ [/B]TAB</label>
		<label2>Video Add-On</label2>
		<icon>special://home/addons/plugin.video.tab.nz/icon.png</icon>
		<thumb>special://home/addons/plugin.video.tab.nz/icon.png</thumb>
		<action>ActivateWindow(Videos,"plugin://plugin.video.tab.nz",return)</action>
	</shortcut>

	<shortcut>
		<defaultID>plugin.video.skygo.nz</defaultID>
		<label>[B]NZ [/B] SKY GO</label>
		<label2>Video Add-On</label2>
		<icon>special://home/addons/plugin.video.skygo.nz/icon.png</icon>
		<thumb>special://home/addons/plugin.video.skygo.nz/icon.png</thumb>
		<action>ActivateWindow(Videos,"plugin://plugin.video.skygo.nz",return)</action>
	</shortcut>

	<shortcut>
		<defaultID>plugin.video.sky.sport.now</defaultID>
		<label>[B]NZ[/B]  SKY Sport NOW</label>
		<label2>Video Add-On</label2>
		<icon>special://home/addons/plugin.video.sky.sport.now/icon.png</icon>
		<thumb>special://home/addons/plugin.video.sky.sport.now/icon.png</thumb>
		<action>ActivateWindow(Videos,"plugin://plugin.video.sky.sport.now",return)</action>
	</shortcut>		

	<shortcut>
		<defaultID>plugin.video.spark.sport</defaultID>
		<label>[B]NZ [/B] Spark Sport</label>
		<label2>Video Add-On</label2>
		<icon>special://home/addons/plugin.video.spark.sport/icon.png</icon>
		<thumb>special://home/addons/plugin.video.spark.sport/icon.png</thumb>
		<action>ActivateWindow(Videos,"plugin://plugin.video.spark.sport",return)</action>
	</shortcut>

	<shortcut>
		<defaultID>plugin.video.willow.tv</defaultID>
		<label>[B]USA [/B] Willow TV</label>
		<label2>Video Add-On</label2>
		<icon>special://home/addons/plugin.video.willow.tv/icon.png</icon>
		<thumb>special://home/addons/plugin.video.willow.tv/icon.png</thumb>
		<action>ActivateWindow(Videos,"plugin://plugin.video.willow.tv",return)</action>
	</shortcut>

</shortcuts>
