<?xml version="1.0" encoding="UTF-8" standalone="yes"?>
	<addon id="plugin.program.anzactools" name="[B][COLOR white]a[/COLOR][COLOR green]NZ[/COLOR][COLOR white]ac Tools[/COLOR][/B]" version="1.9" provider-name="aNZac Build">
	  <requires>
		<import addon="xbmc.python" version="2.1.0"/>
	  </requires>
	  <extension point="xbmc.python.pluginsource" library="default.py">
		<provides>executable</provides>
	  </extension>
	  <extension point="xbmc.service" library="startup.py" start="startup" />
	  <extension point="xbmc.addon.metadata">
		<summary lang="en">[B][COLOR white]a[/COLOR][COLOR green]NZ[/COLOR][COLOR white]ac Tools[/COLOR][/B]</summary>
		<description lang="en">[B][COLOR white]a[/COLOR][COLOR green]NZ[/COLOR][COLOR white]ac Tools[/COLOR][/B] provides a complete tool set for the aNZac Build</description>
		<platform>all</platform>
	  </extension>
	</addon>
