<?xml version='1.0' encoding='UTF-8'?>
<shortcuts>
	<shortcut>
		<defaultID>plugin.video.rt</defaultID>
		<label>Russia Today News</label>
		<label2>Video Add-On</label2>
		<icon>special://home/addons/plugin.video.rt/icon.png</icon>
		<thumb>special://home/addons/plugin.video.rt/icon.png</thumb>
		<action>ActivateWindow(Videos,"plugin://plugin.video.rt",return)</action>
	</shortcut>
	<shortcut>
		<defaultID>plugin.video.sport365.live</defaultID>
		<label>Sport365</label>
		<label2>Video Add-On</label2>
		<icon>special://home/addons/plugin.video.sport365.live/icon.png</icon>
		<thumb>special://home/addons/plugin.video.sport365.live/icon.png</thumb>
		<action>ActivateWindow(Videos,"plugin://plugin.video.sport365.live",return)</action>
	</shortcut>
	<shortcut>
		<defaultID>plugin.video.Rising.Tides</defaultID>
		<label>[COLOR red][B]R[/B][/COLOR]ising [COLOR pink][B]T[/B][/COLOR]ides</label>
		<label2>Video Add-On</label2>
		<icon>special://home/addons/plugin.video.Rising.Tides/icon.png</icon>
		<thumb>special://home/addons/plugin.video.Rising.Tides/icon.png</thumb>
		<action>ActivateWindow(Videos,"plugin://plugin.video.Rising.Tides",return)</action>
	</shortcut>
	<shortcut>
		<defaultID />
		<label>[COLORaqua]Live Tv[/COLOR]</label>
		<label2>Video Add-On</label2>
		<icon>special://home/addons/plugin.video.Rising.Tides/icon.png</icon>
		<thumb>image://https%3a//i.imgur.com/36USIvT.png/</thumb>
		<action>ActivateWindow(Videos,"plugin://plugin.video.Aspis/?mode=get_list&amp;url=http%3A//stephen-builds.uk/supremacy%2520new/Live%2520tv/Live%2520Tv.xml&amp;name=%5BCOLORaqua%5DLive+Tv%5B/COLOR%5D&amp;iconimage=https%3A//i.imgur.com/36USIvT.png&amp;fanart=https%3A//i.imgur.com/fI4HUZI.jpg&amp;description=No+information+available",return)</action>
	</shortcut>
</shortcuts>
