<?xml version="1.0" encoding="UTF-8"?>
<overrides>

    <!-- Widget Icon Aspect Ratio -->
    <propertySettings property="widgetIcon" title="$LOCALIZE[31242]" showNone="False" />
    <property property="widgetIcon">$LOCALIZE[21371]</property>
    <property property="widgetIcon">$LOCALIZE[20021]</property>
    <property property="widgetIcon">$LOCALIZE[20445]</property>
    <property property="widgetIcon">$LOCALIZE[31100]</property>
    <property property="widgetIcon">$LOCALIZE[31088]</property> <!-- Icon -->

    <!-- Widget Defaults -->
	<widgetdefault labelID="aNZac" group="mainmenu" label="Anzac Build">weather</widgetdefault>
	<widgetdefaultnode defaultID="LiveTV" group="mainmenu" label="Live TV Channels" type="" path="pvr://channels/tv/*?view=all" target="pvr">recentchannels</widgetdefaultnode>
	<widgetdefaultnode defaultID="OnDemand" group="mainmenu" label="On Demand Addons" type="" path="$INCLUDE[skinshortcuts-submenu]" target="video">submenu</widgetdefaultnode>
    <widgetdefaultnode defaultID="RadioMusic" group="mainmenu" label="Radio and Music" type="" path="pvr://channels/radio/*?view=all" target="pvr">recentchannels</widgetdefaultnode>
    <widgetdefaultnode defaultID="Subscriptions" group="mainmenu" label="Paid Subscriptions" type="" path="$INCLUDE[skinshortcuts-submenu]" target="video">submenu</widgetdefaultnode>
    <widgetdefaultnode labelID="Settings" group="mainmenu" label="Settings" type="" path="$INCLUDE[skinshortcuts-submenu]" target="video">submenu</widgetdefaultnode>
        
    <propertydefault defaultID="LiveTV" property="widgetIcon">31088</propertydefault>
    <propertydefault defaultID="OnDemand" property="widgetIcon">31088</propertydefault>
	<propertydefault defaultID="RadioMusic" property="widgetIcon">31088</propertydefault>
	<propertydefault defaultID="Subscriptions" property="widgetIcon">31088</propertydefault>
</overrides>
