<?xml version='1.0' encoding='UTF-8'?>
<shortcuts>

	<shortcut>
		<defaultID>TVGuide</defaultID>
		<label>[B]IPTV Guide[/B]</label>
		<label2>Video Add-On</label2>
		<icon>DefaultAddonPVRClient.png</icon>
		<thumb>DefaultAddonPVRClient.png</thumb>
		<action>ActivateWindow(TVGuide)</action>
	</shortcut>

	<shortcut>
		<defaultID>plugin.video.au.freeview</defaultID>
		<label>IPTV Australia</label>
		<label2>Video Add-On</label2>
		<icon>special://home/addons/plugin.video.au.freeview/icon.png</icon>
		<thumb>special://home/addons/plugin.video.au.freeview/icon.png</thumb>
		<action>ActivateWindow(Videos,"plugin://plugin.video.au.freeview",return)</action>
	</shortcut>

	<shortcut>
		<defaultID>plugin.video.nz.freeview</defaultID>
		<label>IPTV New Zealand</label>
		<label2>Video Add-On</label2>
		<icon>special://home/addons/plugin.video.nz.freeview/icon.png</icon>
		<thumb>special://home/addons/plugin.video.nz.freeview/icon.png</thumb>
		<action>ActivateWindow(Videos,"plugin://plugin.video.nz.freeview",return)</action>
	</shortcut>
	
	<shortcut>
		<defaultID>slyguy.pluto.tv.provider</defaultID>
		<label>Pluto TV</label>
		<label2>Video Add-On</label2>
		<icon>special://home/addons/slyguy.pluto.tv.provider/icon.png</icon>
		<thumb>special://home/addons/slyguy.pluto.tv.provider/icon.png</thumb>
		<action>ActivateWindow(Videos,"plugin://slyguy.pluto.tv.provider",return)</action>
	</shortcut>
	
	<shortcut>
		<defaultID>plugin.video.rt</defaultID>
		<label>Russia Today News</label>
		<label2>Video Add-On</label2>
		<icon>special://home/addons/plugin.video.rt/resources/icon.png</icon>
		<thumb>special://home/addons/plugin.video.rt/resources/icon.png</thumb>
		<action>ActivateWindow(Videos,"plugin://plugin.video.rt",return)</action>
	</shortcut>

	<shortcut>
		<defaultID>slyguy.stirr.provider</defaultID>
		<label>STIRR</label>
		<label2>Video Add-On</label2>
		<icon>special://home/addons/slyguy.stirr.provider/icon.png</icon>
		<thumb>special://home/addons/slyguy.stirr.provider/icon.png</thumb>
		<action>ActivateWindow(Videos,"plugin://slyguy.stirr.provider",return)</action>
	</shortcut>
	
	<shortcut>
		<defaultID>plugin.video.PLsportowo</defaultID>
		<label>[COLOR red]Sportowa TV[/COLOR]</label>
		<label2>Video Add-On</label2>
		<icon>special://home/addons/plugin.video.PLsportowo/icon.png</icon>
		<thumb>special://home/addons/plugin.video.PLsportowo/icon.png</thumb>
		<action>ActivateWindow(Videos,"plugin://plugin.video.PLsportowo",return)</action>
	</shortcut>
	
	<shortcut>
		<defaultID>script.module.7of9-live</defaultID>
		<label>[COLOR red]TVtap (Clone)[/COLOR] (v2.5)</label>
		<label2>Video Add-On</label2>
		<icon>special://home/addons/script.module.7of9-live/icon.png</icon>
		<thumb>special://home/addons/script.module.7of9-live/icon.png</thumb>
		<action>ActivateWindow(Videos,"plugin://script.module.7of9-live",return)</action>
	</shortcut>

</shortcuts>