<?xml version="1.0" encoding="utf-8"?><shortcuts>

	<shortcut>
		<defaultID>weather</defaultID>
		<label>[B]a[COLOR darkgreen]NZ[/COLOR]ac 8.7.6a[/B]</label>
		<label2>Common menu item</label2>
		<icon>logo.png</icon>
		<thumb>logo.png</thumb>
		<action condition="!String.IsEmpty(Weather.Plugin)">ActivateWindow(favourites)</action>
		<action condition="String.IsEmpty(Weather.Plugin)">ReplaceWindow(servicesettings,weather)</action>
	</shortcut>

	<shortcut>
		<defaultID>livetv</defaultID>
		<label>[B]Live TV[/B]</label>
		<label2>Common menu item</label2>
		<icon>DefaultAddonPVRClient.png</icon>
		<thumb>DefaultAddonPVRClient.png</thumb>
		<action>ActivateWindow(Programs,"plugin://plugin.program.iptv.merge",return)</action>
	</shortcut>
	
	<shortcut>
		<defaultID>movies</defaultID>
		<label>[COLOR red][B]On Demand[/B][/COLOR]</label>
		<label2>Common menu item</label2>
		<icon>DefaultIconPlay.png</icon>
		<thumb>DefaultIconPlay.png</thumb>
		<action>ActivateWindow(Videos,"plugin://plugin.video.venom",return)</action>
	</shortcut>
	
	<shortcut>
		<defaultID>music</defaultID>
		<label>[B]Radio N Music[/B]</label>
		<label2>Custom item</label2>
		<icon>DefaultMusicAlbums.png</icon>
		<thumb>DefaultMusicAlbums.png</thumb>
		<action>ActivateWindow(MusicLibrary,Addons,return)</action>
	</shortcut>	
	
	<shortcut>
		<defaultID>tvshows</defaultID>
		<label>[B]Subscriptions[/B]</label>
		<label2>Custom item</label2>
		<icon>DefaultAddSource.png</icon>
		<thumb>DefaultAddSource.png</thumb>
		<action>ActivateWindow(Videos,Addons,return)</action>
	</shortcut>

	<shortcut>
		<defaultID></defaultID>
		<label></label>
		<label2></label2>
		<icon>blank.png</icon>
		<thumb>blank.png</thumb>
		<action></action>
	</shortcut>	
	
	<shortcut>
		<defaultID>settings</defaultID>
		<label>[B]Settings[/B]</label>
		<label2>Common menu item</label2>
		<icon>DefaultIconSettings.png</icon>
		<thumb>DefaultIconSettings.png</thumb>
		<action>ActivateWindow(Settings)</action>
	</shortcut>
	
</shortcuts>