<?xml version="1.0" encoding="utf-8"?><shortcuts>

	<shortcut>
		<defaultID>plugin.program.anzactools</defaultID>
		<label>[B]a[COLOR darkgreen]NZ[/COLOR]ac Tools[/B]</label>
		<label2>Program</label2>
		<icon>special://home/addons/plugin.program.anzactools/icon.png</icon>
		<thumb>special://home/addons/plugin.program.anzactools/icon.png</thumb>
		<action>ActivateWindow(Programs,"plugin://plugin.program.anzactools",return)</action>
	</shortcut>
	
	<shortcut>
		<defaultID />
		<label>[B]Speed Test[/B]</label>
		<label2>Program</label2>
		<icon>image://https%3a%2f%2fraw.githubusercontent.com%2fanzacbuild%2faNZacBuild%2fmaster%2faNZacTools%2fspeedicon.png/</icon>
		<thumb>image://https%3a%2f%2fraw.githubusercontent.com%2fanzacbuild%2faNZacBuild%2fmaster%2faNZacTools%2fspeedicon.png/</thumb>
		<action>ActivateWindow(Programs,"plugin://plugin.program.anzactools/?mode=net",return)</action>
	</shortcut>	
	
	<shortcut>
		<defaultID>script.remote.edit</defaultID>
		<label>[B]Remote Editor[/B]</label>
		<label2>Program</label2>
		<icon>image://https%3a%2f%2fraw.githubusercontent.com%2fanzacbuild%2faNZacBuild%2fmaster%2faNZacTools%2fkeymap.png/</icon>
		<thumb>image://https%3a%2f%2fraw.githubusercontent.com%2fanzacbuild%2faNZacBuild%2fmaster%2faNZacTools%2fkeymap.png/</thumb>
		<action>RunAddOn(script.remote.edit)</action>
	</shortcut>

	<shortcut>
		<defaultID>videoadd-ons</defaultID>
		<label>[B]Install add-ons[/B]</label>
		<label2>Favourite</label2>
		<icon>DefaultAddonContextItem.png</icon>
		<thumb>DefaultAddonContextItem.png</thumb>
		<action>ActivateWindow(10040,"addons://all/xbmc.addon.video",return)</action>
	</shortcut>
	
	<shortcut>
		<defaultID>7</defaultID>
		<label>[B]File Manager[/B]</label>
		<label2>Common menu item</label2>
		<icon>special://skin/extras/icons/file.png</icon>
		<thumb />
		<action>ActivateWindow(FileManager)</action>
	</shortcut>
	
	<shortcut>
		<defaultID>19033</defaultID>
		<label>[B]System Info[/B]</label>
		<label2>Common menu item</label2>
		<icon>DefaultHardDisk.png</icon>
		<thumb />
		<action>ActivateWindow(systeminfo)</action>
	</shortcut>

	<shortcut>
		<defaultID>screensaver</defaultID>
		<label>[B]Screensaver[/B]</label>
		<label2>Favourite</label2>
		<icon>DefaultFolder.png</icon>
		<thumb>DefaultAddonScreensaver.png</thumb>
		<action>ActivateWindow(10040,"addons://all/xbmc.ui.screensaver",return)</action>
	</shortcut>
	
	<shortcut>
		<defaultID>visualisation</defaultID>
		<label>[B]Visualisation[/B]</label>
		<label2>Favourite</label2>
		<icon>DefaultFolder.png</icon>
		<thumb>DefaultAddonVisualization.png</thumb>
		<action>ActivateWindow(10040,"addons://all/xbmc.player.musicviz",return)</action>
	</shortcut>	
	
	<shortcut>
		<defaultID>weather</defaultID>
		<label>[B]Weather[/B]</label>
		<label2>Favourite</label2>
		<icon>special://skin/extras/icons/weather.png</icon>
		<thumb>DefaultAddonWeather.png</thumb>
		<action>ActivateWindow(10040,"addons://all/xbmc.python.weather",return)</action>
	</shortcut>

	<shortcut>
		<defaultID>31174</defaultID>
		<label>[B]Exit / Shutdown[/B]</label>
		<label2>Common menu item</label2>
		<icon>DefaultIconPower.png</icon>
		<thumb>DefaultIconPower.png</thumb>
		<action>ActivateWindow(shutdownmenu)</action>
	</shortcut>
	
	<shortcut>
		<defaultID>service.alexelec.settings</defaultID>
		<label>AlexELEC Config</label>
		<label2>Program</label2>
		<icon>image://https%3a%2f%2fraw.githubusercontent.com%2fanzacbuild%2faNZacBuild%2fmaster%2faNZacTools%2falexelec.png/</icon>
		<thumb>image://https%3a%2f%2fraw.githubusercontent.com%2fanzacbuild%2faNZacBuild%2fmaster%2faNZacTools%2falexelec.png/</thumb>
		<action>RunAddOn(service.alexelec.settings)</action>
	</shortcut>
	
	<shortcut>
		<defaultID>service.libreelec.settings</defaultID>
		<label>LibreELEC Config</label>
		<label2>Program</label2>
		<icon>image://https%3a%2f%2fraw.githubusercontent.com%2fanzacbuild%2faNZacBuild%2fmaster%2faNZacTools%2flibreelec.png/</icon>
		<thumb>image://https%3a%2f%2fraw.githubusercontent.com%2fanzacbuild%2faNZacBuild%2fmaster%2faNZacTools%2flibreelec.png/</thumb>
		<action>RunAddOn(service.libreelec.settings)</action>
	</shortcut>
	
</shortcuts>