<?xml version="1.0" encoding="UTF-8" standalone="yes"?>
<addon id="repository.tvone" name="[B]TvOne[/B]" version="1.0" provider-name="Optimum Bliss">
	<extension point="xbmc.addon.repository" name="TvOne">
		<info compressed="false">https://raw.githubusercontent.com/birdy-luis/tvonerepo/master/addons.xml</info>
		<checksum>https://raw.githubusercontent.com/birdy-luis/tvonerepo/master/addons.xml.md5</checksum>
		<datadir zip="true">https://raw.githubusercontent.com/birdy-luis/tvonerepo/master/</datadir>
	</extension>
	  <extension point="xbmc.addon.metadata">
		<summary lang="en">TvOne</summary>
		<description lang="en">Visit Optimum Bliss Youtube Channel andsubscribe for free streaming solution!</description>
		<platform>all</platform>
		 
	  </extension>
</addon>