<?xml version="1.0" encoding="utf-8"?><shortcuts>

	<shortcut>
		<defaultID>plugin.program.anzactools</defaultID>
		<label>[B][COLOR white]a[/COLOR][COLOR darkgreen]NZ[/COLOR][COLOR white]ac Tools[/COLOR][/B]</label>
		<label2>Program</label2>
		<icon>special://home/addons/plugin.program.anzactools/icon.png</icon>
		<thumb>special://home/addons/plugin.program.anzactools/icon.png</thumb>
		<action>ActivateWindow(Programs,"plugin://plugin.program.anzactools",return)</action>
	</shortcut>
	
	<shortcut>
		<defaultID>add-onrepository</defaultID>
		<label>[B]Repository Install[/B]</label>
		<label2>Favourite</label2>
		<icon>DefaultAddonRepository.png</icon>
		<thumb>DefaultAddonRepository.png</thumb>
		<action>ActivateWindow(10040,"addons://repository.anzacbuild/xbmc.addon.repository",return)</action>
	</shortcut>
	
	<shortcut>
		<defaultID>7</defaultID>
		<label>7</label>
		<label2>Common menu item</label2>
		<icon>special://skin/extras/icons/file.png</icon>
		<thumb />
		<action>ActivateWindow(FileManager)</action>
	</shortcut>
	
	<shortcut>
		<defaultID>19033</defaultID>
		<label>19033</label>
		<label2>Common menu item</label2>
		<icon>DefaultHardDisk.png</icon>
		<thumb />
		<action>ActivateWindow(systeminfo)</action>
	</shortcut>


	<shortcut>
		<defaultID>guisounds</defaultID>
		<label>GUI sounds</label>
		<label2>Favourite</label2>
		<icon>DefaultFolder.png</icon>
		<thumb>DefaultAddonUISounds.png</thumb>
		<action>ActivateWindow(10040,"addons://repository.anzacbuild/kodi.resource.uisounds",return)</action>
	</shortcut>
	
	<shortcut>
		<defaultID>pvrclients</defaultID>
		<label>Live Tv PVR clients</label>
		<label2>Favourite</label2>
		<icon>DefaultFolder.png</icon>
		<thumb>DefaultAddonPVRClient.png</thumb>
		<action>ActivateWindow(10040,"addons://all/xbmc.pvrclient",return)</action>
	</shortcut>
	
	<shortcut>
		<defaultID>visualisation</defaultID>
		<label>Music Visualisation</label>
		<label2>Favourite</label2>
		<icon>DefaultFolder.png</icon>
		<thumb>DefaultAddonVisualization.png</thumb>
		<action>ActivateWindow(10040,"addons://repository.xbmc.org/xbmc.player.musicviz",return)</action>
	</shortcut>	
	
	<shortcut>
		<defaultID>weather</defaultID>
		<label>Weather</label>
		<label2>Favourite</label2>
		<icon>special://skin/extras/icons/weather.png</icon>
		<thumb>DefaultAddonWeather.png</thumb>
		<action>ActivateWindow(10040,"addons://repository.xbmc.org/xbmc.python.weather",return)</action>
	</shortcut>


	<shortcut>
		<defaultID>service.libreelec.settings</defaultID>
		<label>LibreELEC Config</label>
		<label2>Program</label2>
		<icon>DefaultIconSettings.png</icon>
		<thumb>DefaultIconSettings.png</thumb>
		<action>RunAddOn(service.libreelec.settings)</action>
	</shortcut>

	<shortcut>
		<defaultID />
		<label>[COLOR white]Speed Tester[/COLOR]</label>
		<label2>Program</label2>
		<icon>DefaultShortcut.png</icon>
		<thumb>image://https%3a%2f%2fraw.githubusercontent.com%2fanzacbuild%2faNZacBuild%2fmaster%2faNZacTools%2fspeedicon.png/</thumb>
		<action>ActivateWindow(Programs,"plugin://plugin.program.anzactools/?mode=net",return)</action>
	</shortcut>

	<shortcut>
		<defaultID>13009</defaultID>
		<label>13009</label>
		<label2>Kodi Command</label2>
		<icon>special://skin/extras/icons/power.png</icon>
		<thumb />
		<action>Quit</action>
	</shortcut>
	
	<shortcut>
		<defaultID>13313</defaultID>
		<label>13313</label>
		<label2>Kodi Command</label2>
		<icon>RestartApp.png</icon>
		<thumb />
		<action>RestartApp</action>
	</shortcut>

</shortcuts>