<?xml version="1.0" encoding="UTF-8" standalone="yes"?>
<addon id="repository.teamx" name="Team X Kodi" version="2.3" provider-name="TeamXKodi">
	<requires>
        <import addon="repository.lookingglass" />
    </requires>
	<extension point="xbmc.addon.repository" name="Team X Repo">
		<dir>
			<info compressed="false">https://raw.githubusercontent.com/noobsandnerds/modules4all/master/zips/addons.xml</info>
			<checksum>https://raw.githubusercontent.com/noobsandnerds/modules4all/master/zips/addons.xml.md5</checksum>
			<datadir zip="true">https://raw.githubusercontent.com/noobsandnerds/modules4all/master/zips/</datadir>
		</dir>
		<info compressed="false">https://raw.githubusercontent.com/tdbnz123/repository.teamx/master/zips/addons.xml</info>
		<checksum>https://raw.githubusercontent.com/tdbnz123/repository.teamx/master/zips/addons.xml.md5</checksum>
		<datadir zip="true">https://raw.githubusercontent.com/tdbnz123/repository.teamx/master/zips/</datadir>
	</extension>
	<extension point="xbmc.addon.metadata">
		<summary lang="en">@teamxkodi twitter</summary>
		<description lang="en">Get all Team X addons here</description>
		<genre></genre>
	</extension>
</addon>
